{
  "best_hyperparameters": {
    "lr": 9.176439460939105e-05,
    "batch_size": 64,
    "num_layers": [
      2,
      2,
      2,
      3
    ],
    "dropout1": 0.14463484830431803,
    "dropout2": 0.07231742415215901,
    "focal_gamma": 3.8377273761129023
  },
  "best_fitness": 0.40583090379008746,
  "evolution_history": {
    "best_fitness": [
      0.3574344023323615,
      0.3574344023323615,
      0.3597667638483965,
      0.3618075801749271,
      0.3685131195335277,
      0.3813411078717201,
      0.3924198250728863,
      0.39416909620991253,
      0.39416909620991253,
      0.40583090379008746,
      0.40583090379008746,
      0.40583090379008746,
      0.40583090379008746,
      0.40583090379008746,
      0.40583090379008746
    ],
    "avg_fitness": [
      0.25991253644314866,
      0.28851311953352765,
      0.32259475218658895,
      0.3178134110787172,
      0.336734693877551,
      0.33999999999999997,
      0.34314868804664717,
      0.35084548104956265,
      0.3626530612244898,
      0.3601457725947522,
      0.3579883381924199,
      0.3446064139941691,
      0.36364431486880466,
      0.35428571428571426,
      0.3725072886297376
    ]
  },
  "ga_config": {
    "pop_size": 10,
    "max_generations": 15,
    "crossover_rate": 0.8,
    "mutation_rate": 0.15,
    "elite_size": 2,
    "eta_c": 20,
    "eta_m": 20
  },
  "timestamp": "2025-12-18 17:29:58"
}